{
    "version": 1,
    "disable_existing_loggers": false,
    "formatters": {
        "simple": {
            "format": "%(thread)6d %(asctime)s %(name)10s:%(lineno)4s %(funcName)10s [%(levelname)4s]: %(message)s"
        }
    },

    "handlers": {
        "consoleHandler": {
            "class": "logging.StreamHandler",
            "level": "INFO",
            "formatter": "simple",
            "stream": "ext://sys.stdout"
        },
        "fileHandler": {
            "class": "logging.FileHandler",
            "level": "INFO",
            "formatter": "simple",
            "filename": "to be replaced"
        }
    },

    "loggers": {
        "__main__": {
            "level": "DEBUG",
            "handlers": ["consoleHandler", "fileHandler"],
            "propagate": false
        },
        "same_hierarchy": {
            "level": "DEBUG",
            "handlers": ["consoleHandler", "fileHandler"],
            "propagate": false
        },
        "lower.sub": {
            "level": "DEBUG",
            "handlers": ["consoleHandler", "fileHandler"],
            "propagate": false
        }
    },

    "root": {
        "level": "INFO"
    }
}